,symboling,normalized-losses,make,num-of-doors,body-style,drive-wheels,engine-location,wheel-base,length,width,height,curb-weight,engine-type,num-of-cylinders,engine-size,fuel-system,bore,stroke,compression-ratio,horsepower,peak-rpm,city-mpg,highway-mpg,price,city-L/100km,horsepower-binned,diesel,gas,aspiration-std,aspiration-turbo
0,3,122,alfa-romero,two,convertible,rwd,front,88.6000,0.8111,0.8903,0.8161,2548,dohc,four,130,mpfi,3.4700,2.6800,9.0000,111,5000.0000,21,8.7037,13495.0000,11.1905,Low,0,1,1,0
1,3,122,alfa-romero,two,convertible,rwd,front,88.6000,0.8111,0.8903,0.8161,2548,dohc,four,130,mpfi,3.4700,2.6800,9.0000,111,5000.0000,21,8.7037,16500.0000,11.1905,Low,0,1,1,0
2,1,122,alfa-romero,two,hatchback,rwd,front,94.5000,0.8227,0.9097,0.8763,2823,ohcv,six,152,mpfi,2.6800,3.4700,9.0000,154,5000.0000,19,9.0385,16500.0000,12.3684,Medium,0,1,1,0
3,2,164,audi,four,sedan,fwd,front,99.8000,0.8486,0.9194,0.9080,2337,ohc,four,109,mpfi,3.1900,3.4000,10.0000,102,5500.0000,24,7.8333,13950.0000,9.7917,Low,0,1,1,0
4,2,164,audi,four,sedan,4wd,front,99.4000,0.8486,0.9222,0.9080,2824,ohc,five,136,mpfi,3.1900,3.4000,8.0000,115,5500.0000,18,10.6818,17450.0000,13.0556,Low,0,1,1,0
5,2,122,audi,two,sedan,fwd,front,99.8000,0.8520,0.9208,0.8880,2507,ohc,five,136,mpfi,3.1900,3.4000,8.5000,110,5500.0000,19,9.4000,15250.0000,12.3684,Low,0,1,1,0
6,1,158,audi,four,sedan,fwd,front,105.8000,0.9260,0.9917,0.9314,2844,ohc,five,136,mpfi,3.1900,3.4000,8.5000,110,5500.0000,19,9.4000,17710.0000,12.3684,Low,0,1,1,0
7,1,122,audi,four,wagon,fwd,front,105.8000,0.9260,0.9917,0.9314,2954,ohc,five,136,mpfi,3.1900,3.4000,8.5000,110,5500.0000,19,9.4000,18920.0000,12.3684,Low,0,1,1,0
8,1,158,audi,four,sedan,fwd,front,105.8000,0.9260,0.9917,0.9348,3086,ohc,five,131,mpfi,3.1300,3.4000,8.3000,140,5500.0000,17,11.7500,23875.0000,13.8235,Medium,0,1,0,1
9,2,192,bmw,two,sedan,rwd,front,101.2000,0.8496,0.9000,0.9080,2395,ohc,four,108,mpfi,3.5000,2.8000,8.8000,101,5800.0000,23,8.1034,16430.0000,10.2174,Low,0,1,1,0
10,0,192,bmw,four,sedan,rwd,front,101.2000,0.8496,0.9000,0.9080,2395,ohc,four,108,mpfi,3.5000,2.8000,8.8000,101,5800.0000,23,8.1034,16925.0000,10.2174,Low,0,1,1,0
11,0,188,bmw,two,sedan,rwd,front,101.2000,0.8496,0.9000,0.9080,2710,ohc,six,164,mpfi,3.3100,3.1900,9.0000,121,4250.0000,21,8.3929,20970.0000,11.1905,Medium,0,1,1,0
12,0,188,bmw,four,sedan,rwd,front,101.2000,0.8496,0.9000,0.9080,2765,ohc,six,164,mpfi,3.3100,3.1900,9.0000,121,4250.0000,21,8.3929,21105.0000,11.1905,Medium,0,1,1,0
13,1,122,bmw,four,sedan,rwd,front,103.5000,0.9082,0.9292,0.9314,3055,ohc,six,164,mpfi,3.3100,3.1900,9.0000,121,4250.0000,20,9.4000,24565.0000,11.7500,Medium,0,1,1,0
14,0,122,bmw,four,sedan,rwd,front,103.5000,0.9082,0.9292,0.9314,3230,ohc,six,209,mpfi,3.6200,3.3900,8.0000,182,5400.0000,16,10.6818,30760.0000,14.6875,Medium,0,1,1,0
15,0,122,bmw,two,sedan,rwd,front,103.5000,0.9313,0.9431,0.8980,3380,ohc,six,209,mpfi,3.6200,3.3900,8.0000,182,5400.0000,16,10.6818,41315.0000,14.6875,Medium,0,1,1,0
16,0,122,bmw,four,sedan,rwd,front,110.0000,0.9467,0.9847,0.9415,3505,ohc,six,209,mpfi,3.6200,3.3900,8.0000,182,5400.0000,15,11.7500,36880.0000,15.6667,Medium,0,1,1,0
17,2,121,chevrolet,two,hatchback,fwd,front,88.4000,0.6780,0.8375,0.8896,1488,l,three,61,2bbl,2.9100,3.0300,9.5000,48,5100.0000,47,4.4340,5151.0000,5.0000,Low,0,1,1,0
18,1,98,chevrolet,two,hatchback,fwd,front,94.5000,0.7492,0.8833,0.8696,1874,ohc,four,90,2bbl,3.0300,3.1100,9.6000,70,5400.0000,38,5.4651,6295.0000,6.1842,Low,0,1,1,0
19,0,81,chevrolet,four,sedan,fwd,front,94.5000,0.7631,0.8833,0.8696,1909,ohc,four,90,2bbl,3.0300,3.1100,9.6000,70,5400.0000,38,5.4651,6575.0000,6.1842,Low,0,1,1,0
20,1,118,dodge,two,hatchback,fwd,front,93.7000,0.7559,0.8861,0.8495,1876,ohc,four,90,2bbl,2.9700,3.2300,9.4100,68,5500.0000,37,5.7317,5572.0000,6.3514,Low,0,1,1,0
21,1,118,dodge,two,hatchback,fwd,front,93.7000,0.7559,0.8861,0.8495,1876,ohc,four,90,2bbl,2.9700,3.2300,9.4000,68,5500.0000,31,6.1842,6377.0000,7.5806,Low,0,1,1,0
22,1,118,dodge,two,hatchback,fwd,front,93.7000,0.7559,0.8861,0.8495,2128,ohc,four,98,mpfi,3.0300,3.3900,7.6000,102,5500.0000,24,7.8333,7957.0000,9.7917,Low,0,1,0,1
23,1,148,dodge,four,hatchback,fwd,front,93.7000,0.7559,0.8861,0.8462,1967,ohc,four,90,2bbl,2.9700,3.2300,9.4000,68,5500.0000,31,6.1842,6229.0000,7.5806,Low,0,1,1,0
24,1,148,dodge,four,sedan,fwd,front,93.7000,0.7559,0.8861,0.8462,1989,ohc,four,90,2bbl,2.9700,3.2300,9.4000,68,5500.0000,31,6.1842,6692.0000,7.5806,Low,0,1,1,0
25,1,148,dodge,four,sedan,fwd,front,93.7000,0.7559,0.8861,0.8462,1989,ohc,four,90,2bbl,2.9700,3.2300,9.4000,68,5500.0000,31,6.1842,7609.0000,7.5806,Low,0,1,1,0
26,1,148,dodge,four,sedan,fwd,front,93.7000,0.7559,0.8861,0.8462,2191,ohc,four,98,mpfi,3.0300,3.3900,7.6000,102,5500.0000,24,7.8333,8558.0000,9.7917,Low,0,1,0,1
27,-1,110,dodge,four,wagon,fwd,front,103.3000,0.8390,0.8972,1.0000,2535,ohc,four,122,2bbl,3.3400,3.4600,8.5000,88,5000.0000,24,7.8333,8921.0000,9.7917,Low,0,1,1,0
28,3,145,dodge,two,hatchback,fwd,front,95.9000,0.8323,0.9208,0.8395,2811,ohc,four,156,mfi,3.6000,3.9000,7.0000,145,5000.0000,19,9.7917,12964.0000,12.3684,Medium,0,1,0,1
29,2,137,honda,two,hatchback,fwd,front,86.6000,0.6949,0.8875,0.8495,1713,ohc,four,92,1bbl,2.9100,3.4100,9.6000,58,4800.0000,49,4.3519,6479.0000,4.7959,Low,0,1,1,0
30,2,137,honda,two,hatchback,fwd,front,86.6000,0.6949,0.8875,0.8495,1819,ohc,four,92,1bbl,2.9100,3.4100,9.2000,76,6000.0000,31,6.1842,6855.0000,7.5806,Low,0,1,1,0
31,1,101,honda,two,hatchback,fwd,front,93.7000,0.7208,0.8889,0.8796,1837,ohc,four,79,1bbl,2.9100,3.0700,10.1000,60,5500.0000,38,5.5952,5399.0000,6.1842,Low,0,1,1,0
32,1,101,honda,two,hatchback,fwd,front,93.7000,0.7208,0.8889,0.8796,1940,ohc,four,92,1bbl,2.9100,3.4100,9.2000,76,6000.0000,30,6.9118,6529.0000,7.8333,Low,0,1,1,0
33,1,101,honda,two,hatchback,fwd,front,93.7000,0.7208,0.8889,0.8796,1956,ohc,four,92,1bbl,2.9100,3.4100,9.2000,76,6000.0000,30,6.9118,7129.0000,7.8333,Low,0,1,1,0
34,0,110,honda,four,sedan,fwd,front,96.5000,0.7852,0.8889,0.9114,2010,ohc,four,92,1bbl,2.9100,3.4100,9.2000,76,6000.0000,30,6.9118,7295.0000,7.8333,Low,0,1,1,0
35,0,78,honda,four,wagon,fwd,front,96.5000,0.7549,0.8875,0.9749,2024,ohc,four,92,1bbl,2.9200,3.4100,9.2000,76,6000.0000,30,6.9118,7295.0000,7.8333,Low,0,1,1,0
36,0,106,honda,two,hatchback,fwd,front,96.5000,0.8049,0.9056,0.8913,2236,ohc,four,110,1bbl,3.1500,3.5800,9.0000,86,5800.0000,27,7.1212,7895.0000,8.7037,Low,0,1,1,0
37,0,106,honda,two,hatchback,fwd,front,96.5000,0.8049,0.9056,0.8913,2289,ohc,four,110,1bbl,3.1500,3.5800,9.0000,86,5800.0000,27,7.1212,9095.0000,8.7037,Low,0,1,1,0
38,0,85,honda,four,sedan,fwd,front,96.5000,0.8429,0.9056,0.9047,2304,ohc,four,110,1bbl,3.1500,3.5800,9.0000,86,5800.0000,27,7.1212,8845.0000,8.7037,Low,0,1,1,0
39,0,85,honda,four,sedan,fwd,front,96.5000,0.8429,0.8681,0.9047,2372,ohc,four,110,1bbl,3.1500,3.5800,9.0000,86,5800.0000,27,7.1212,10295.0000,8.7037,Low,0,1,1,0
40,0,85,honda,four,sedan,fwd,front,96.5000,0.8429,0.9056,0.9047,2465,ohc,four,110,mpfi,3.1500,3.5800,9.0000,101,5800.0000,24,8.3929,12945.0000,9.7917,Low,0,1,1,0
41,1,107,honda,two,sedan,fwd,front,96.5000,0.8126,0.9167,0.8528,2293,ohc,four,110,2bbl,3.1500,3.5800,9.1000,100,5500.0000,25,7.5806,10345.0000,9.4000,Low,0,1,1,0
42,0,122,isuzu,four,sedan,rwd,front,94.3000,0.8203,0.8583,0.8946,2337,ohc,four,111,2bbl,3.3100,3.2300,8.5000,78,4800.0000,24,8.1034,6785.0000,9.7917,Low,0,1,1,0
43,2,122,isuzu,two,hatchback,rwd,front,96.0000,0.8294,0.9056,0.8595,2734,ohc,four,119,spfi,3.4300,3.2300,9.2000,90,5000.0000,24,8.1034,11048.0000,9.7917,Low,0,1,1,0
44,0,145,jaguar,four,sedan,rwd,front,113.0000,0.9592,0.9667,0.8829,4066,dohc,six,258,mpfi,3.6300,4.1700,8.1000,176,4750.0000,15,12.3684,32250.0000,15.6667,Medium,0,1,1,0
45,0,122,jaguar,four,sedan,rwd,front,113.0000,0.9592,0.9667,0.8829,4066,dohc,six,258,mpfi,3.6300,4.1700,8.1000,176,4750.0000,15,12.3684,35550.0000,15.6667,Medium,0,1,1,0
46,0,122,jaguar,two,sedan,rwd,front,102.0000,0.9212,0.9806,0.7993,3950,ohcv,twelve,326,mpfi,3.5400,2.7600,11.5000,262,5000.0000,13,13.8235,36000.0000,18.0769,High,0,1,1,0
47,1,104,mazda,two,hatchback,fwd,front,93.1000,0.7645,0.8917,0.9047,1890,ohc,four,91,2bbl,3.0300,3.1500,9.0000,68,5000.0000,30,7.5806,5195.0000,7.8333,Low,0,1,1,0
48,1,104,mazda,two,hatchback,fwd,front,93.1000,0.7645,0.8917,0.9047,1900,ohc,four,91,2bbl,3.0300,3.1500,9.0000,68,5000.0000,31,6.1842,6095.0000,7.5806,Low,0,1,1,0
49,1,104,mazda,two,hatchback,fwd,front,93.1000,0.7645,0.8917,0.9047,1905,ohc,four,91,2bbl,3.0300,3.1500,9.0000,68,5000.0000,31,6.1842,6795.0000,7.5806,Low,0,1,1,0
50,1,113,mazda,four,sedan,fwd,front,93.1000,0.8015,0.8917,0.9047,1945,ohc,four,91,2bbl,3.0300,3.1500,9.0000,68,5000.0000,31,6.1842,6695.0000,7.5806,Low,0,1,1,0
51,1,113,mazda,four,sedan,fwd,front,93.1000,0.8015,0.8917,0.9047,1950,ohc,four,91,2bbl,3.0800,3.1500,9.0000,68,5000.0000,31,6.1842,7395.0000,7.5806,Low,0,1,1,0
52,3,150,mazda,two,hatchback,rwd,front,95.3000,0.8121,0.9125,0.8294,2380,rotor,two,70,4bbl,3.3298,3.2554,9.4000,101,6000.0000,17,10.2174,10945.0000,13.8235,Low,0,1,1,0
53,3,150,mazda,two,hatchback,rwd,front,95.3000,0.8121,0.9125,0.8294,2380,rotor,two,70,4bbl,3.3298,3.2554,9.4000,101,6000.0000,17,10.2174,11845.0000,13.8235,Low,0,1,1,0
54,3,150,mazda,two,hatchback,rwd,front,95.3000,0.8121,0.9125,0.8294,2385,rotor,two,70,4bbl,3.3298,3.2554,9.4000,101,6000.0000,17,10.2174,13645.0000,13.8235,Low,0,1,1,0
55,3,150,mazda,two,hatchback,rwd,front,95.3000,0.8121,0.9125,0.8294,2500,rotor,two,80,mpfi,3.3298,3.2554,9.4000,135,6000.0000,16,10.2174,15645.0000,14.6875,Medium,0,1,1,0
56,1,129,mazda,two,hatchback,fwd,front,98.8000,0.8544,0.9236,0.8980,2385,ohc,four,122,2bbl,3.3900,3.3900,8.6000,84,4800.0000,26,7.3438,8845.0000,9.0385,Low,0,1,1,0
57,0,115,mazda,four,sedan,fwd,front,98.8000,0.8544,0.9236,0.9281,2410,ohc,four,122,2bbl,3.3900,3.3900,8.6000,84,4800.0000,26,7.3438,8495.0000,9.0385,Low,0,1,1,0
58,1,129,mazda,two,hatchback,fwd,front,98.8000,0.8544,0.9236,0.8980,2385,ohc,four,122,2bbl,3.3900,3.3900,8.6000,84,4800.0000,26,7.3438,10595.0000,9.0385,Low,0,1,1,0
59,0,115,mazda,four,sedan,fwd,front,98.8000,0.8544,0.9236,0.9281,2410,ohc,four,122,2bbl,3.3900,3.3900,8.6000,84,4800.0000,26,7.3438,10245.0000,9.0385,Low,0,1,1,0
60,0,122,mazda,four,sedan,fwd,front,98.8000,0.8544,0.9236,0.9281,2443,ohc,four,122,idi,3.3900,3.3900,22.7000,64,4650.0000,36,5.5952,10795.0000,6.5278,Low,1,0,1,0
61,0,115,mazda,four,hatchback,fwd,front,98.8000,0.8544,0.9236,0.9281,2425,ohc,four,122,2bbl,3.3900,3.3900,8.6000,84,4800.0000,26,7.3438,11245.0000,9.0385,Low,0,1,1,0
62,0,118,mazda,four,sedan,rwd,front,104.9000,0.8409,0.9181,0.9097,2670,ohc,four,140,mpfi,3.7600,3.1600,8.0000,120,5000.0000,19,8.7037,18280.0000,12.3684,Medium,0,1,1,0
63,0,122,mazda,four,sedan,rwd,front,104.9000,0.8409,0.9181,0.9097,2700,ohc,four,134,idi,3.4300,3.6400,22.0000,72,4200.0000,31,6.0256,18344.0000,7.5806,Low,1,0,1,0
64,-1,93,mercedes-benz,four,sedan,rwd,front,110.0000,0.9173,0.9764,0.9448,3515,ohc,five,183,idi,3.5800,3.6400,21.5000,123,4350.0000,22,9.4000,25552.0000,10.6818,Medium,1,0,0,1
65,-1,93,mercedes-benz,four,wagon,rwd,front,110.0000,0.9173,0.9764,0.9816,3750,ohc,five,183,idi,3.5800,3.6400,21.5000,123,4350.0000,22,9.4000,28248.0000,10.6818,Medium,1,0,0,1
66,0,93,mercedes-benz,two,hardtop,rwd,front,106.7000,0.9010,0.9764,0.9181,3495,ohc,five,183,idi,3.5800,3.6400,21.5000,123,4350.0000,22,9.4000,28176.0000,10.6818,Medium,1,0,0,1
67,-1,93,mercedes-benz,four,sedan,rwd,front,115.6000,0.9736,0.9958,0.9415,3770,ohc,five,183,idi,3.5800,3.6400,21.5000,123,4350.0000,22,9.4000,31600.0000,10.6818,Medium,1,0,0,1
68,-1,122,mercedes-benz,four,sedan,rwd,front,115.6000,0.9736,0.9958,0.9448,3740,ohcv,eight,234,mpfi,3.4600,3.1000,8.3000,155,4750.0000,16,13.0556,34184.0000,14.6875,Medium,0,1,1,0
69,3,142,mercedes-benz,two,convertible,rwd,front,96.6000,0.8664,0.9792,0.8495,3685,ohcv,eight,234,mpfi,3.4600,3.1000,8.3000,155,4750.0000,16,13.0556,35056.0000,14.6875,Medium,0,1,1,0
70,0,122,mercedes-benz,four,sedan,rwd,front,120.9000,1.0000,0.9958,0.9482,3900,ohcv,eight,308,mpfi,3.8000,3.3500,8.0000,184,4500.0000,14,14.6875,40960.0000,16.7857,Medium,0,1,1,0
71,1,122,mercedes-benz,two,hardtop,rwd,front,112.0000,0.9572,1.0000,0.9264,3715,ohcv,eight,304,mpfi,3.8000,3.3500,8.0000,184,4500.0000,14,14.6875,45400.0000,16.7857,Medium,0,1,1,0
72,1,122,mercury,two,hatchback,rwd,front,102.7000,0.8573,0.9444,0.9164,2910,ohc,four,140,mpfi,3.7800,3.1200,8.0000,175,5000.0000,19,9.7917,16503.0000,12.3684,Medium,0,1,0,1
73,2,161,mitsubishi,two,hatchback,fwd,front,93.7000,0.7559,0.8944,0.8495,1918,ohc,four,92,2bbl,2.9700,3.2300,9.4000,68,5500.0000,37,5.7317,5389.0000,6.3514,Low,0,1,1,0
74,2,161,mitsubishi,two,hatchback,fwd,front,93.7000,0.7559,0.8944,0.8495,1944,ohc,four,92,2bbl,2.9700,3.2300,9.4000,68,5500.0000,31,6.1842,6189.0000,7.5806,Low,0,1,1,0
75,2,161,mitsubishi,two,hatchback,fwd,front,93.7000,0.7559,0.8944,0.8495,2004,ohc,four,92,2bbl,2.9700,3.2300,9.4000,68,5500.0000,31,6.1842,6669.0000,7.5806,Low,0,1,1,0
76,1,161,mitsubishi,two,hatchback,fwd,front,93.0000,0.7559,0.8861,0.8495,2145,ohc,four,98,spdi,3.0300,3.3900,7.6000,102,5500.0000,24,7.8333,7689.0000,9.7917,Low,0,1,0,1
77,3,153,mitsubishi,two,hatchback,fwd,front,96.3000,0.8313,0.9083,0.8261,2370,ohc,four,110,spdi,3.1700,3.4600,7.5000,116,5500.0000,23,7.8333,9959.0000,10.2174,Low,0,1,0,1
78,3,153,mitsubishi,two,hatchback,fwd,front,96.3000,0.8313,0.9083,0.8261,2328,ohc,four,122,2bbl,3.3500,3.4600,8.5000,88,5000.0000,25,7.3438,8499.0000,9.4000,Low,0,1,1,0
79,3,122,mitsubishi,two,hatchback,fwd,front,95.9000,0.8323,0.9208,0.8395,2833,ohc,four,156,spdi,3.5800,3.8600,7.0000,145,5000.0000,19,9.7917,12629.0000,12.3684,Medium,0,1,0,1
80,3,122,mitsubishi,two,hatchback,fwd,front,95.9000,0.8323,0.9208,0.8395,2921,ohc,four,156,spdi,3.5900,3.8600,7.0000,145,5000.0000,19,9.7917,14869.0000,12.3684,Medium,0,1,0,1
81,3,122,mitsubishi,two,hatchback,fwd,front,95.9000,0.8323,0.9208,0.8395,2926,ohc,four,156,spdi,3.5900,3.8600,7.0000,145,5000.0000,19,9.7917,14489.0000,12.3684,Medium,0,1,0,1
82,1,125,mitsubishi,four,sedan,fwd,front,96.3000,0.8284,0.9083,0.8629,2365,ohc,four,122,2bbl,3.3500,3.4600,8.5000,88,5000.0000,25,7.3438,6989.0000,9.4000,Low,0,1,1,0
83,1,125,mitsubishi,four,sedan,fwd,front,96.3000,0.8284,0.9083,0.8629,2405,ohc,four,122,2bbl,3.3500,3.4600,8.5000,88,5000.0000,25,7.3438,8189.0000,9.4000,Low,0,1,1,0
84,1,125,mitsubishi,four,sedan,fwd,front,96.3000,0.8284,0.9083,0.8629,2403,ohc,four,110,spdi,3.1700,3.4600,7.5000,116,5500.0000,23,7.8333,9279.0000,10.2174,Low,0,1,0,1
85,-1,137,mitsubishi,four,sedan,fwd,front,96.3000,0.8284,0.9083,0.8629,2403,ohc,four,110,spdi,3.1700,3.4600,7.5000,116,5500.0000,23,7.8333,9279.0000,10.2174,Low,0,1,1,0
86,1,128,nissan,two,sedan,fwd,front,94.5000,0.7943,0.8861,0.9114,1889,ohc,four,97,2bbl,3.1500,3.2900,9.4000,69,5200.0000,31,6.3514,5499.0000,7.5806,Low,0,1,1,0
87,1,128,nissan,two,sedan,fwd,front,94.5000,0.7943,0.8861,0.9114,2017,ohc,four,103,idi,2.9900,3.4700,21.9000,55,4800.0000,45,4.7000,7099.0000,5.2222,Low,1,0,1,0
88,1,128,nissan,two,sedan,fwd,front,94.5000,0.7943,0.8861,0.9114,1918,ohc,four,97,2bbl,3.1500,3.2900,9.4000,69,5200.0000,31,6.3514,6649.0000,7.5806,Low,0,1,1,0
89,1,122,nissan,four,sedan,fwd,front,94.5000,0.7943,0.8861,0.9114,1938,ohc,four,97,2bbl,3.1500,3.2900,9.4000,69,5200.0000,31,6.3514,6849.0000,7.5806,Low,0,1,1,0
90,1,103,nissan,four,wagon,fwd,front,94.5000,0.8179,0.8861,0.8946,2024,ohc,four,97,2bbl,3.1500,3.2900,9.4000,69,5200.0000,31,6.3514,7349.0000,7.5806,Low,0,1,1,0
91,1,128,nissan,two,sedan,fwd,front,94.5000,0.7943,0.8861,0.9114,1951,ohc,four,97,2bbl,3.1500,3.2900,9.4000,69,5200.0000,31,6.3514,7299.0000,7.5806,Low,0,1,1,0
92,1,128,nissan,two,hatchback,fwd,front,94.5000,0.7958,0.8861,0.8913,2028,ohc,four,97,2bbl,3.1500,3.2900,9.4000,69,5200.0000,31,6.3514,7799.0000,7.5806,Low,0,1,1,0
93,1,122,nissan,four,sedan,fwd,front,94.5000,0.7943,0.8861,0.9114,1971,ohc,four,97,2bbl,3.1500,3.2900,9.4000,69,5200.0000,31,6.3514,7499.0000,7.5806,Low,0,1,1,0
94,1,103,nissan,four,wagon,fwd,front,94.5000,0.8179,0.8861,0.8946,2037,ohc,four,97,2bbl,3.1500,3.2900,9.4000,69,5200.0000,31,6.3514,7999.0000,7.5806,Low,0,1,1,0
95,2,168,nissan,two,hardtop,fwd,front,95.1000,0.7804,0.8861,0.8913,2008,ohc,four,97,2bbl,3.1500,3.2900,9.4000,69,5200.0000,31,6.3514,8249.0000,7.5806,Low,0,1,1,0
96,0,106,nissan,four,hatchback,fwd,front,97.2000,0.8333,0.9056,0.9147,2324,ohc,four,120,2bbl,3.3300,3.4700,8.5000,97,5200.0000,27,6.9118,8949.0000,8.7037,Low,0,1,1,0
97,0,106,nissan,four,sedan,fwd,front,97.2000,0.8333,0.9056,0.9147,2302,ohc,four,120,2bbl,3.3300,3.4700,8.5000,97,5200.0000,27,6.9118,9549.0000,8.7037,Low,0,1,1,0
98,0,128,nissan,four,sedan,fwd,front,100.4000,0.8731,0.9236,0.9214,3095,ohcv,six,181,mpfi,3.4300,3.2700,9.0000,152,5200.0000,17,10.6818,13499.0000,13.8235,Medium,0,1,1,0
99,0,108,nissan,four,wagon,fwd,front,100.4000,0.8871,0.9236,0.9381,3296,ohcv,six,181,mpfi,3.4300,3.2700,9.0000,152,5200.0000,17,10.6818,14399.0000,13.8235,Medium,0,1,1,0
100,0,108,nissan,four,sedan,fwd,front,100.4000,0.8871,0.9236,0.9214,3060,ohcv,six,181,mpfi,3.4300,3.2700,9.0000,152,5200.0000,19,9.4000,13499.0000,12.3684,Medium,0,1,1,0
101,3,194,nissan,two,hatchback,rwd,front,91.3000,0.8203,0.9431,0.8311,3071,ohcv,six,181,mpfi,3.4300,3.2700,9.0000,160,5200.0000,19,9.4000,17199.0000,12.3684,Medium,0,1,1,0
102,3,194,nissan,two,hatchback,rwd,front,91.3000,0.8203,0.9431,0.8311,3139,ohcv,six,181,mpfi,3.4300,3.2700,7.8000,200,5200.0000,17,10.2174,19699.0000,13.8235,High,0,1,0,1
103,1,231,nissan,two,hatchback,rwd,front,99.2000,0.8578,0.9431,0.8311,3139,ohcv,six,181,mpfi,3.4300,3.2700,9.0000,160,5200.0000,19,9.4000,18399.0000,12.3684,Medium,0,1,1,0
104,0,161,peugot,four,sedan,rwd,front,107.9000,0.8972,0.9500,0.9482,3020,l,four,120,mpfi,3.4600,3.1900,8.4000,97,5000.0000,19,9.7917,11900.0000,12.3684,Low,0,1,1,0
105,0,161,peugot,four,sedan,rwd,front,107.9000,0.8972,0.9500,0.9482,3197,l,four,152,idi,3.7000,3.5200,21.0000,95,4150.0000,28,7.1212,13200.0000,8.3929,Low,1,0,0,1
106,0,122,peugot,four,wagon,rwd,front,114.2000,0.9558,0.9500,0.9816,3230,l,four,120,mpfi,3.4600,3.1900,8.4000,97,5000.0000,19,9.7917,12440.0000,12.3684,Low,0,1,1,0
107,0,122,peugot,four,wagon,rwd,front,114.2000,0.9558,0.9500,0.9816,3430,l,four,152,idi,3.7000,3.5200,21.0000,95,4150.0000,25,9.4000,13860.0000,9.4000,Low,1,0,0,1
108,0,161,peugot,four,sedan,rwd,front,107.9000,0.8972,0.9500,0.9482,3075,l,four,120,mpfi,3.4600,2.1900,8.4000,95,5000.0000,19,9.7917,15580.0000,12.3684,Low,0,1,1,0
109,0,161,peugot,four,sedan,rwd,front,107.9000,0.8972,0.9500,0.9482,3252,l,four,152,idi,3.7000,3.5200,21.0000,95,4150.0000,28,7.1212,16900.0000,8.3929,Low,1,0,0,1
110,0,122,peugot,four,wagon,rwd,front,114.2000,0.9558,0.9500,0.9482,3285,l,four,120,mpfi,3.4600,2.1900,8.4000,95,5000.0000,19,9.7917,16695.0000,12.3684,Low,0,1,1,0
111,0,122,peugot,four,wagon,rwd,front,114.2000,0.9558,0.9500,0.9816,3485,l,four,152,idi,3.7000,3.5200,21.0000,95,4150.0000,25,9.4000,17075.0000,9.4000,Low,1,0,0,1
112,0,161,peugot,four,sedan,rwd,front,107.9000,0.8972,0.9500,0.9482,3075,l,four,120,mpfi,3.4600,3.1900,8.4000,97,5000.0000,19,9.7917,16630.0000,12.3684,Low,0,1,1,0
113,0,161,peugot,four,sedan,rwd,front,107.9000,0.8972,0.9500,0.9482,3252,l,four,152,idi,3.7000,3.5200,21.0000,95,4150.0000,28,7.1212,17950.0000,8.3929,Low,1,0,0,1
114,0,161,peugot,four,sedan,rwd,front,108.0000,0.8972,0.9486,0.9365,3130,l,four,134,mpfi,3.6100,3.2100,7.0000,142,5600.0000,18,9.7917,18150.0000,13.0556,Medium,0,1,0,1
115,1,119,plymouth,two,hatchback,fwd,front,93.7000,0.7559,0.8861,0.8495,1918,ohc,four,90,2bbl,2.9700,3.2300,9.4000,68,5500.0000,37,5.7317,5572.0000,6.3514,Low,0,1,1,0
116,1,119,plymouth,two,hatchback,fwd,front,93.7000,0.7559,0.8861,0.8495,2128,ohc,four,98,spdi,3.0300,3.3900,7.6000,102,5500.0000,24,7.8333,7957.0000,9.7917,Low,0,1,0,1
117,1,154,plymouth,four,hatchback,fwd,front,93.7000,0.7559,0.8861,0.8462,1967,ohc,four,90,2bbl,2.9700,3.2300,9.4000,68,5500.0000,31,6.1842,6229.0000,7.5806,Low,0,1,1,0
118,1,154,plymouth,four,sedan,fwd,front,93.7000,0.8039,0.8861,0.8495,1989,ohc,four,90,2bbl,2.9700,3.2300,9.4000,68,5500.0000,31,6.1842,6692.0000,7.5806,Low,0,1,1,0
119,1,154,plymouth,four,sedan,fwd,front,93.7000,0.8039,0.8861,0.8495,2191,ohc,four,98,2bbl,2.9700,3.2300,9.4000,68,5500.0000,31,6.1842,7609.0000,7.5806,Low,0,1,1,0
120,-1,74,plymouth,four,wagon,fwd,front,103.3000,0.8390,0.8972,1.0000,2535,ohc,four,122,2bbl,3.3500,3.4600,8.5000,88,5000.0000,24,7.8333,8921.0000,9.7917,Low,0,1,1,0
121,3,122,plymouth,two,hatchback,rwd,front,95.9000,0.8323,0.9208,0.8395,2818,ohc,four,156,spdi,3.5900,3.8600,7.0000,145,5000.0000,19,9.7917,12764.0000,12.3684,Medium,0,1,0,1
122,3,186,porsche,two,hatchback,rwd,front,94.5000,0.8116,0.9486,0.8395,2778,ohc,four,151,mpfi,3.9400,3.1100,9.5000,143,5500.0000,19,8.7037,22018.0000,12.3684,Medium,0,1,1,0
123,3,122,porsche,two,hardtop,rwd,rear,89.5000,0.8116,0.9028,0.8629,2756,ohcf,six,194,mpfi,3.7400,2.9000,9.5000,207,5900.0000,17,9.4000,32528.0000,13.8235,High,0,1,1,0
124,3,122,porsche,two,hardtop,rwd,rear,89.5000,0.8116,0.9028,0.8629,2756,ohcf,six,194,mpfi,3.7400,2.9000,9.5000,207,5900.0000,17,9.4000,34028.0000,13.8235,High,0,1,1,0
125,3,122,porsche,two,convertible,rwd,rear,89.5000,0.8116,0.9028,0.8629,2800,ohcf,six,194,mpfi,3.7400,2.9000,9.5000,207,5900.0000,17,9.4000,37028.0000,13.8235,High,0,1,1,0
126,0,122,renault,four,wagon,fwd,front,96.1000,0.8722,0.9236,0.9231,2579,ohc,four,132,mpfi,3.4600,3.9000,8.7000,104,5125.3695,23,7.5806,9295.0000,10.2174,Low,0,1,1,0
127,2,122,renault,two,hatchback,fwd,front,96.1000,0.8496,0.9250,0.8445,2460,ohc,four,132,mpfi,3.4600,3.9000,8.7000,104,5125.3695,23,7.5806,9895.0000,10.2174,Low,0,1,1,0
128,3,150,saab,two,hatchback,fwd,front,99.1000,0.8967,0.9236,0.9381,2658,ohc,four,121,mpfi,3.5400,3.0700,9.3100,110,5250.0000,21,8.3929,11850.0000,11.1905,Low,0,1,1,0
129,2,104,saab,four,sedan,fwd,front,99.1000,0.8967,0.9236,0.9381,2695,ohc,four,121,mpfi,3.5400,3.0700,9.3000,110,5250.0000,21,8.3929,12170.0000,11.1905,Low,0,1,1,0
130,3,150,saab,two,hatchback,fwd,front,99.1000,0.8967,0.9236,0.9381,2707,ohc,four,121,mpfi,2.5400,2.0700,9.3000,110,5250.0000,21,8.3929,15040.0000,11.1905,Low,0,1,1,0
131,2,104,saab,four,sedan,fwd,front,99.1000,0.8967,0.9236,0.9381,2758,ohc,four,121,mpfi,3.5400,3.0700,9.3000,110,5250.0000,21,8.3929,15510.0000,11.1905,Low,0,1,1,0
132,3,150,saab,two,hatchback,fwd,front,99.1000,0.8967,0.9236,0.9381,2808,dohc,four,121,mpfi,3.5400,3.0700,9.0000,160,5500.0000,19,9.0385,18150.0000,12.3684,Medium,0,1,0,1
133,2,104,saab,four,sedan,fwd,front,99.1000,0.8967,0.9236,0.9381,2847,dohc,four,121,mpfi,3.5400,3.0700,9.0000,160,5500.0000,19,9.0385,18620.0000,12.3684,Medium,0,1,0,1
134,2,83,subaru,two,hatchback,fwd,front,93.7000,0.7540,0.8806,0.8980,2050,ohcf,four,97,2bbl,3.6200,2.3600,9.0000,69,4900.0000,31,6.5278,5118.0000,7.5806,Low,0,1,1,0
135,2,83,subaru,two,hatchback,fwd,front,93.7000,0.7588,0.8833,0.8980,2120,ohcf,four,108,2bbl,3.6200,2.6400,8.7000,73,4400.0000,26,7.5806,7053.0000,9.0385,Low,0,1,1,0
136,2,83,subaru,two,hatchback,4wd,front,93.3000,0.7559,0.8861,0.9314,2240,ohcf,four,108,2bbl,3.6200,2.6400,8.7000,73,4400.0000,26,7.5806,7603.0000,9.0385,Low,0,1,1,0
137,0,102,subaru,four,sedan,fwd,front,97.2000,0.8265,0.9083,0.8779,2145,ohcf,four,108,2bbl,3.6200,2.6400,9.5000,82,4800.0000,32,6.3514,7126.0000,7.3438,Low,0,1,1,0
138,0,102,subaru,four,sedan,fwd,front,97.2000,0.8265,0.9083,0.8779,2190,ohcf,four,108,2bbl,3.6200,2.6400,9.5000,82,4400.0000,28,7.1212,7775.0000,8.3929,Low,0,1,1,0
139,0,102,subaru,four,sedan,fwd,front,97.2000,0.8265,0.9083,0.8779,2340,ohcf,four,108,mpfi,3.6200,2.6400,9.0000,94,5200.0000,26,7.3438,9960.0000,9.0385,Low,0,1,1,0
140,0,102,subaru,four,sedan,4wd,front,97.0000,0.8265,0.9083,0.9080,2385,ohcf,four,108,2bbl,3.6200,2.6400,9.0000,82,4800.0000,24,9.4000,9233.0000,9.7917,Low,0,1,1,0
141,0,102,subaru,four,sedan,4wd,front,97.0000,0.8265,0.9083,0.9080,2510,ohcf,four,108,mpfi,3.6200,2.6400,7.7000,111,4800.0000,24,8.1034,11259.0000,9.7917,Low,0,1,0,1
142,0,89,subaru,four,wagon,fwd,front,97.0000,0.8337,0.9083,0.8863,2290,ohcf,four,108,2bbl,3.6200,2.6400,9.0000,82,4800.0000,28,7.3438,7463.0000,8.3929,Low,0,1,1,0
143,0,89,subaru,four,wagon,fwd,front,97.0000,0.8337,0.9083,0.8863,2455,ohcf,four,108,mpfi,3.6200,2.6400,9.0000,94,5200.0000,25,7.5806,10198.0000,9.4000,Low,0,1,1,0
144,0,85,subaru,four,wagon,4wd,front,96.9000,0.8342,0.9083,0.9181,2420,ohcf,four,108,2bbl,3.6200,2.6400,9.0000,82,4800.0000,23,8.1034,8013.0000,10.2174,Low,0,1,1,0
145,0,85,subaru,four,wagon,4wd,front,96.9000,0.8342,0.9083,0.9181,2650,ohcf,four,108,mpfi,3.6200,2.6400,7.7000,111,4800.0000,23,10.2174,11694.0000,10.2174,Low,0,1,0,1
146,1,87,toyota,two,hatchback,fwd,front,95.7000,0.7626,0.8833,0.9114,1985,ohc,four,92,2bbl,3.0500,3.0300,9.0000,62,4800.0000,35,6.0256,5348.0000,6.7143,Low,0,1,1,0
147,1,87,toyota,two,hatchback,fwd,front,95.7000,0.7626,0.8833,0.9114,2040,ohc,four,92,2bbl,3.0500,3.0300,9.0000,62,4800.0000,31,6.1842,6338.0000,7.5806,Low,0,1,1,0
148,1,74,toyota,four,hatchback,fwd,front,95.7000,0.7626,0.8833,0.9114,2015,ohc,four,92,2bbl,3.0500,3.0300,9.0000,62,4800.0000,31,6.1842,6488.0000,7.5806,Low,0,1,1,0
149,0,77,toyota,four,wagon,fwd,front,95.7000,0.8155,0.8833,0.9883,2280,ohc,four,92,2bbl,3.0500,3.0300,9.0000,62,4800.0000,31,6.3514,6918.0000,7.5806,Low,0,1,1,0
150,0,81,toyota,four,wagon,4wd,front,95.7000,0.8155,0.8833,0.9883,2290,ohc,four,92,2bbl,3.0500,3.0300,9.0000,62,4800.0000,27,7.3438,7898.0000,8.7037,Low,0,1,1,0
151,0,91,toyota,four,wagon,4wd,front,95.7000,0.8155,0.8833,0.9883,3110,ohc,four,92,2bbl,3.0500,3.0300,9.0000,62,4800.0000,27,7.3438,8778.0000,8.7037,Low,0,1,1,0
152,0,91,toyota,four,sedan,fwd,front,95.7000,0.7991,0.8944,0.8863,2081,ohc,four,98,2bbl,3.1900,3.0300,9.0000,70,4800.0000,30,6.3514,6938.0000,7.8333,Low,0,1,1,0
153,0,91,toyota,four,hatchback,fwd,front,95.7000,0.7991,0.8944,0.8829,2109,ohc,four,98,2bbl,3.1900,3.0300,9.0000,70,4800.0000,30,6.3514,7198.0000,7.8333,Low,0,1,1,0
154,0,91,toyota,four,sedan,fwd,front,95.7000,0.7991,0.8944,0.8863,2275,ohc,four,110,idi,3.2700,3.3500,22.5000,56,4500.0000,34,6.5278,7898.0000,6.9118,Low,1,0,1,0
155,0,91,toyota,four,hatchback,fwd,front,95.7000,0.7991,0.8944,0.8829,2275,ohc,four,110,idi,3.2700,3.3500,22.5000,56,4500.0000,38,5.0000,7788.0000,6.1842,Low,1,0,1,0
156,0,91,toyota,four,sedan,fwd,front,95.7000,0.7991,0.8944,0.8863,2094,ohc,four,98,2bbl,3.1900,3.0300,9.0000,70,4800.0000,38,5.0000,7738.0000,6.1842,Low,0,1,1,0
157,0,91,toyota,four,hatchback,fwd,front,95.7000,0.7991,0.8944,0.8829,2122,ohc,four,98,2bbl,3.1900,3.0300,9.0000,70,4800.0000,28,6.9118,8358.0000,8.3929,Low,0,1,1,0
158,0,91,toyota,four,sedan,fwd,front,95.7000,0.7991,0.8944,0.8829,2140,ohc,four,98,2bbl,3.1900,3.0300,9.0000,70,4800.0000,28,6.9118,9258.0000,8.3929,Low,0,1,1,0
159,1,168,toyota,two,sedan,rwd,front,94.5000,0.8107,0.8889,0.8796,2169,ohc,four,98,2bbl,3.1900,3.0300,9.0000,70,4800.0000,29,6.9118,8058.0000,8.1034,Low,0,1,1,0
160,1,168,toyota,two,hatchback,rwd,front,94.5000,0.8107,0.8889,0.8796,2204,ohc,four,98,2bbl,3.1900,3.0300,9.0000,70,4800.0000,29,6.9118,8238.0000,8.1034,Low,0,1,1,0
161,1,168,toyota,two,sedan,rwd,front,94.5000,0.8107,0.8889,0.8796,2265,dohc,four,98,mpfi,3.2400,3.0800,9.4000,112,6600.0000,26,8.1034,9298.0000,9.0385,Low,0,1,1,0
162,1,168,toyota,two,hatchback,rwd,front,94.5000,0.8107,0.8889,0.8796,2300,dohc,four,98,mpfi,3.2400,3.0800,9.4000,112,6600.0000,26,8.1034,9538.0000,9.0385,Low,0,1,1,0
163,2,134,toyota,two,hardtop,rwd,front,98.4000,0.8467,0.9111,0.8696,2540,ohc,four,146,mpfi,3.6200,3.5000,9.3000,116,4800.0000,24,7.8333,8449.0000,9.7917,Low,0,1,1,0
164,2,134,toyota,two,hardtop,rwd,front,98.4000,0.8467,0.9111,0.8696,2536,ohc,four,146,mpfi,3.6200,3.5000,9.3000,116,4800.0000,24,7.8333,9639.0000,9.7917,Low,0,1,1,0
165,2,134,toyota,two,hatchback,rwd,front,98.4000,0.8467,0.9111,0.8696,2551,ohc,four,146,mpfi,3.6200,3.5000,9.3000,116,4800.0000,24,7.8333,9989.0000,9.7917,Low,0,1,1,0
166,2,134,toyota,two,hardtop,rwd,front,98.4000,0.8467,0.9111,0.8696,2679,ohc,four,146,mpfi,3.6200,3.5000,9.3000,116,4800.0000,24,7.8333,11199.0000,9.7917,Low,0,1,1,0
167,2,134,toyota,two,hatchback,rwd,front,98.4000,0.8467,0.9111,0.8696,2714,ohc,four,146,mpfi,3.6200,3.5000,9.3000,116,4800.0000,24,7.8333,11549.0000,9.7917,Low,0,1,1,0
168,2,134,toyota,two,convertible,rwd,front,98.4000,0.8467,0.9111,0.8863,2975,ohc,four,146,mpfi,3.6200,3.5000,9.3000,116,4800.0000,24,7.8333,17669.0000,9.7917,Low,0,1,1,0
169,-1,65,toyota,four,sedan,fwd,front,102.4000,0.8438,0.9236,0.9181,2326,ohc,four,122,mpfi,3.3100,3.5400,8.7000,92,4200.0000,29,6.9118,8948.0000,8.1034,Low,0,1,1,0
170,-1,65,toyota,four,sedan,fwd,front,102.4000,0.8438,0.9236,0.9181,2480,ohc,four,110,idi,3.2700,3.3500,22.5000,73,4500.0000,30,7.1212,10698.0000,7.8333,Low,1,0,0,1
171,-1,65,toyota,four,hatchback,fwd,front,102.4000,0.8438,0.9236,0.9013,2414,ohc,four,122,mpfi,3.3100,3.5400,8.7000,92,4200.0000,27,7.3438,9988.0000,8.7037,Low,0,1,1,0
172,-1,65,toyota,four,sedan,fwd,front,102.4000,0.8438,0.9236,0.9181,2414,ohc,four,122,mpfi,3.3100,3.5400,8.7000,92,4200.0000,27,7.3438,10898.0000,8.7037,Low,0,1,1,0
173,-1,65,toyota,four,hatchback,fwd,front,102.4000,0.8438,0.9236,0.9013,2458,ohc,four,122,mpfi,3.3100,3.5400,8.7000,92,4200.0000,27,7.3438,11248.0000,8.7037,Low,0,1,1,0
174,3,197,toyota,two,hatchback,rwd,front,102.9000,0.8818,0.9403,0.8696,2976,dohc,six,171,mpfi,3.2700,3.3500,9.3000,161,5200.0000,20,9.7917,16558.0000,11.7500,Medium,0,1,1,0
175,3,197,toyota,two,hatchback,rwd,front,102.9000,0.8818,0.9403,0.8696,3016,dohc,six,171,mpfi,3.2700,3.3500,9.3000,161,5200.0000,19,9.7917,15998.0000,12.3684,Medium,0,1,1,0
176,-1,90,toyota,four,sedan,rwd,front,104.5000,0.9025,0.9236,0.9047,3131,dohc,six,171,mpfi,3.2700,3.3500,9.2000,156,5200.0000,20,9.7917,15690.0000,11.7500,Medium,0,1,1,0
177,-1,122,toyota,four,wagon,rwd,front,104.5000,0.9025,0.9236,0.9047,3151,dohc,six,161,mpfi,3.2700,3.3500,9.2000,156,5200.0000,19,9.7917,15750.0000,12.3684,Medium,0,1,1,0
178,2,122,volkswagen,two,sedan,fwd,front,97.3000,0.8251,0.9097,0.9314,2261,ohc,four,97,idi,3.0100,3.4000,23.0000,52,4800.0000,37,5.1087,7775.0000,6.3514,Low,1,0,1,0
179,2,122,volkswagen,two,sedan,fwd,front,97.3000,0.8251,0.9097,0.9314,2209,ohc,four,109,mpfi,3.1900,3.4000,9.0000,85,5250.0000,27,6.9118,7975.0000,8.7037,Low,0,1,1,0
180,2,94,volkswagen,four,sedan,fwd,front,97.3000,0.8251,0.9097,0.9314,2264,ohc,four,97,idi,3.0100,3.4000,23.0000,52,4800.0000,37,5.1087,7995.0000,6.3514,Low,1,0,1,0
181,2,94,volkswagen,four,sedan,fwd,front,97.3000,0.8251,0.9097,0.9314,2212,ohc,four,109,mpfi,3.1900,3.4000,9.0000,85,5250.0000,27,6.9118,8195.0000,8.7037,Low,0,1,1,0
182,2,94,volkswagen,four,sedan,fwd,front,97.3000,0.8251,0.9097,0.9314,2275,ohc,four,109,mpfi,3.1900,3.4000,9.0000,85,5250.0000,27,6.9118,8495.0000,8.7037,Low,0,1,1,0
183,2,94,volkswagen,four,sedan,fwd,front,97.3000,0.8251,0.9097,0.9314,2319,ohc,four,97,idi,3.0100,3.4000,23.0000,68,4500.0000,37,5.5952,9495.0000,6.3514,Low,1,0,0,1
184,2,94,volkswagen,four,sedan,fwd,front,97.3000,0.8251,0.9097,0.9314,2300,ohc,four,109,mpfi,3.1900,3.4000,10.0000,100,5500.0000,26,7.3438,9995.0000,9.0385,Low,0,1,1,0
185,3,122,volkswagen,two,convertible,fwd,front,94.5000,0.7655,0.8917,0.9298,2254,ohc,four,109,mpfi,3.1900,3.4000,8.5000,90,5500.0000,24,8.1034,11595.0000,9.7917,Low,0,1,1,0
186,3,256,volkswagen,two,hatchback,fwd,front,94.5000,0.7963,0.8889,0.8595,2221,ohc,four,109,mpfi,3.1900,3.4000,8.5000,90,5500.0000,24,8.1034,9980.0000,9.7917,Low,0,1,1,0
187,0,122,volkswagen,four,sedan,fwd,front,100.4000,0.8659,0.9292,0.9214,2661,ohc,five,136,mpfi,3.1900,3.4000,8.5000,110,5500.0000,19,9.7917,13295.0000,12.3684,Low,0,1,1,0
188,0,122,volkswagen,four,sedan,fwd,front,100.4000,0.8659,0.9292,0.9214,2579,ohc,four,97,idi,3.0100,3.4000,23.0000,68,4500.0000,33,6.1842,13845.0000,7.1212,Low,1,0,0,1
189,0,122,volkswagen,four,wagon,fwd,front,100.4000,0.8799,0.9292,0.9214,2563,ohc,four,109,mpfi,3.1900,3.4000,9.0000,88,5500.0000,25,7.5806,12290.0000,9.4000,Low,0,1,1,0
190,-2,103,volvo,four,sedan,rwd,front,104.3000,0.9073,0.9333,0.9398,2912,ohc,four,141,mpfi,3.7800,3.1500,9.5000,114,5400.0000,23,8.3929,12940.0000,10.2174,Low,0,1,1,0
191,-1,74,volvo,four,wagon,rwd,front,104.3000,0.9073,0.9333,0.9615,3034,ohc,four,141,mpfi,3.7800,3.1500,9.5000,114,5400.0000,23,8.3929,13415.0000,10.2174,Low,0,1,1,0
192,-2,103,volvo,four,sedan,rwd,front,104.3000,0.9073,0.9333,0.9398,2935,ohc,four,141,mpfi,3.7800,3.1500,9.5000,114,5400.0000,24,8.3929,15985.0000,9.7917,Low,0,1,1,0
193,-1,74,volvo,four,wagon,rwd,front,104.3000,0.9073,0.9333,0.9615,3042,ohc,four,141,mpfi,3.7800,3.1500,9.5000,114,5400.0000,24,8.3929,16515.0000,9.7917,Low,0,1,1,0
194,-2,103,volvo,four,sedan,rwd,front,104.3000,0.9073,0.9333,0.9398,3045,ohc,four,130,mpfi,3.6200,3.1500,7.5000,162,5100.0000,17,10.6818,18420.0000,13.8235,Medium,0,1,0,1
195,-1,74,volvo,four,wagon,rwd,front,104.3000,0.9073,0.9333,0.9615,3157,ohc,four,130,mpfi,3.6200,3.1500,7.5000,162,5100.0000,17,10.6818,18950.0000,13.8235,Medium,0,1,0,1
196,-1,95,volvo,four,sedan,rwd,front,109.1000,0.9073,0.9569,0.9281,2952,ohc,four,141,mpfi,3.7800,3.1500,9.5000,114,5400.0000,23,8.3929,16845.0000,10.2174,Low,0,1,1,0
197,-1,95,volvo,four,sedan,rwd,front,109.1000,0.9073,0.9556,0.9281,3049,ohc,four,141,mpfi,3.7800,3.1500,8.7000,160,5300.0000,19,9.4000,19045.0000,12.3684,Medium,0,1,0,1
198,-1,95,volvo,four,sedan,rwd,front,109.1000,0.9073,0.9569,0.9281,3012,ohcv,six,173,mpfi,3.5800,2.8700,8.8000,134,5500.0000,18,10.2174,21485.0000,13.0556,Medium,0,1,1,0
199,-1,95,volvo,four,sedan,rwd,front,109.1000,0.9073,0.9569,0.9281,3217,ohc,six,145,idi,3.0100,3.4000,23.0000,106,4800.0000,26,8.7037,22470.0000,9.0385,Low,1,0,0,1
200,-1,95,volvo,four,sedan,rwd,front,109.1000,0.9073,0.9569,0.9281,3062,ohc,four,141,mpfi,3.7800,3.1500,9.5000,114,5400.0000,19,9.4000,22625.0000,12.3684,Low,0,1,0,1
